{
  "stores": [
    {
      "id": 1,
      "name": "Kadıköy Çarşı Kooperatifi",
      "type": "Kooperatif",
      "city": "İstanbul",
      "district": "Kadıköy",
      "address": "Hasanpaşa Mahallesi, Fahrettin Kerim Gökay Caddesi No:42",
      "lat": 40.9885,
      "lng": 29.0238,
      "phone": "0216 348 7890",
      "products": ["İstanbul Ürünleri"],
      "workingHours": "09:00 - 20:00",
      "website": "https://kadikoycarsikoop.com",
      "rating": "4.5"
    },
    {
      "id": 2,
      "name": "Ataşehir Organik Market",
      "type": "Market",
      "city": "İstanbul",
      "district": "Ataşehir",
      "address": "Barbaros Mahallesi, Mor Sümbül Sokak No:7",
      "lat": 40.9831,
      "lng": 29.1234,
      "phone": "0216 570 1234",
      "products": ["İstanbul Ürünleri"],
      "workingHours": "08:00 - 22:00",
      "rating": "4.3"
    },
    {
      "id": 3,
      "name": "İstanbul Eminönü Mısır Çarşısı",
      "type": "Pazar",
      "city": "İstanbul",
      "district": "Fatih",
      "address": "Eminönü, Mısır Çarşısı İçi",
      "lat": 41.0166,
      "lng": 28.9708,
      "phone": "0212 522 3456",
      "products": ["İstanbul Ürünleri"],
      "workingHours": "08:00 - 19:00",
      "rating": "4.7"
    },
    {
      "id": 4,
      "name": "Ankara Kızılay Halk Pazarı",
      "type": "Pazar",
      "city": "Ankara",
      "district": "Çankaya",
      "address": "Kızılay Meydanı, Pazar Alanı",
      "lat": 39.9208,
      "lng": 32.8541,
      "phone": "0312 425 6789",
      "products": ["Ankara Ürünleri"],
      "workingHours": "Cumartesi-Pazar 07:00 - 16:00",
      "rating": "4.2"
    },
    {
      "id": 5,
      "name": "Ankara Keçiören Market",
      "type": "Market",
      "city": "Ankara",
      "district": "Keçiören",
      "address": "Atatürk Caddesi No:45",
      "lat": 39.9679,
      "lng": 32.8542,
      "phone": "0312 385 1234",
      "products": ["Ankara Ürünleri"],
      "workingHours": "08:00 - 21:00",
      "rating": "4.1"
    },
    {
      "id": 6,
      "name": "İzmir Karşıyaka Toptancılar Sitesi",
      "type": "Toptancı",
      "city": "İzmir",
      "district": "Karşıyaka",
      "address": "Nergiz Mahallesi, Toptancılar Caddesi No:15",
      "lat": 38.4598,
      "lng": 27.1039,
      "phone": "0232 368 9012",
      "products": ["İzmir Ürünleri"],
      "workingHours": "06:00 - 18:00",
      "rating": "4.4"
    },
    {
      "id": 7,
      "name": "İzmir Konak Pazar",
      "type": "Pazar",
      "city": "İzmir",
      "district": "Konak",
      "address": "Konak Meydanı, Pazar Alanı",
      "lat": 38.4189,
      "lng": 27.1287,
      "phone": "0232 445 6789",
      "products": ["İzmir Ürünleri"],
      "workingHours": "Pazar 07:00 - 15:00",
      "rating": "4.0"
    },
    {
      "id": 8,
      "name": "Bursa İnegöl Mobilya Mağazası",
      "type": "Mağaza",
      "city": "Bursa",
      "district": "İnegöl",
      "address": "Yeni Mahalle, İnegöl Caddesi No:88",
      "lat": 40.0782,
      "lng": 29.5134,
      "phone": "0224 711 2345",
      "products": ["Bursa Ürünleri"],
      "workingHours": "09:00 - 19:00",
      "website": "https://inegolmobilyaevi.com",
      "rating": "4.6"
    },
    {
      "id": 9,
      "name": "Bursa Osmangazi Market",
      "type": "Market",
      "city": "Bursa",
      "district": "Osmangazi",
      "address": "Cumhuriyet Caddesi No:34",
      "lat": 40.1826,
      "lng": 29.0665,
      "phone": "0224 220 3456",
      "products": ["Bursa Ürünleri"],
      "workingHours": "08:00 - 20:00",
      "rating": "4.3"
    },
    {
      "id": 10,
      "name": "Gaziantep Baklavanı Online",
      "type": "Online",
      "city": "Gaziantep",
      "district": "Şahinbey",
      "address": "Online Satış - Türkiye Geneli Kargo",
      "lat": 37.0662,
      "lng": 37.3833,
      "phone": "0342 220 5678",
      "products": ["Gaziantep Ürünleri"],
      "workingHours": "7/24 Online",
      "website": "https://gaziantepbaklava.com",
      "rating": "4.8"
    },
    {
      "id": 11,
      "name": "Gaziantep Şehitkamil Mağazası",
      "type": "Mağaza",
      "city": "Gaziantep",
      "district": "Şehitkamil",
      "address": "Atatürk Caddesi No:67",
      "lat": 37.0594,
      "lng": 37.3825,
      "phone": "0342 230 1234",
      "products": ["Gaziantep Ürünleri"],
      "workingHours": "09:00 - 21:00",
      "rating": "4.5"
    },
    {
      "id": 12,
      "name": "Kayseri Pastırma Evi",
      "type": "Mağaza",
      "city": "Kayseri",
      "district": "Melikgazi",
      "address": "Cumhuriyet Mahallesi, Pastırma Sokak No:12",
      "lat": 38.7205,
      "lng": 35.4826,
      "phone": "0352 222 3456",
      "products": ["Kayseri Ürünleri"],
      "workingHours": "08:00 - 20:00",
      "rating": "4.7"
    },
    {
      "id": 13,
      "name": "Kayseri Kocasinan Kooperatif",
      "type": "Kooperatif",
      "city": "Kayseri",
      "district": "Kocasinan",
      "address": "Sanayi Mahallesi No:23",
      "lat": 38.7312,
      "lng": 35.4897,
      "phone": "0352 336 7890",
      "products": ["Kayseri Ürünleri"],
      "workingHours": "08:00 - 18:00",
      "rating": "4.4"
    },
    {
      "id": 14,
      "name": "Konya Şekerpare Kooperatifi",
      "type": "Kooperatif",
      "city": "Konya",
      "district": "Meram",
      "address": "Meram Caddesi, Şekerci Sitesi No:34",
      "lat": 37.8746,
      "lng": 32.4932,
      "phone": "0332 351 7890",
      "products": ["Konya Ürünleri"],
      "workingHours": "09:00 - 19:00",
      "rating": "4.6"
    },
    {
      "id": 15,
      "name": "Konya Selçuklu Market",
      "type": "Market",
      "city": "Konya",
      "district": "Selçuklu",
      "address": "Beyhekim Caddesi No:56",
      "lat": 37.8969,
      "lng": 32.5108,
      "phone": "0332 238 4567",
      "products": ["Konya Ürünleri"],
      "workingHours": "08:00 - 22:00",
      "rating": "4.2"
    },
    {
      "id": 16,
      "name": "Antalya Organik Pazar",
      "type": "Pazar",
      "city": "Antalya",
      "district": "Muratpaşa",
      "address": "Konyaaltı Sahil, Pazar Alanı",
      "lat": 36.8841,
      "lng": 30.6956,
      "phone": "0242 311 4567",
      "products": ["Antalya Ürünleri"],
      "workingHours": "Pazar 06:00 - 14:00",
      "rating": "4.5"
    },
    {
      "id": 17,
      "name": "Antalya Kepez Mağaza",
      "type": "Mağaza",
      "city": "Antalya",
      "district": "Kepez",
      "address": "Atatürk Caddesi No:89",
      "lat": 36.9213,
      "lng": 30.7194,
      "phone": "0242 336 2345",
      "products": ["Antalya Ürünleri"],
      "workingHours": "09:00 - 20:00",
      "rating": "4.1"
    },
    {
      "id": 18,
      "name": "Ordu Fındık Kooperatifi",
      "type": "Kooperatif",
      "city": "Ordu",
      "district": "Altınordu",
      "address": "Cumhuriyet Mahallesi, Fındık Pazarı No:5",
      "lat": 40.9839,
      "lng": 37.8764,
      "phone": "0452 223 6789",
      "products": ["Ordu Ürünleri"],
      "workingHours": "08:00 - 18:00",
      "website": "https://ordufindik.com",
      "rating": "4.7"
    },
    {
      "id": 19,
      "name": "Ordu Ünye Market",
      "type": "Market",
      "city": "Ordu",
      "district": "Ünye",
      "address": "Sahil Caddesi No:12",
      "lat": 41.1289,
      "lng": 37.2878,
      "phone": "0452 324 1234",
      "products": ["Ordu Ürünleri"],
      "workingHours": "08:00 - 21:00",
      "rating": "4.3"
    },
    {
      "id": 20,
      "name": "Trabzon Hamsi Market",
      "type": "Market",
      "city": "Trabzon",
      "district": "Ortahisar",
      "address": "Kemerkaya Mahallesi, Balık Pazarı Sokak No:18",
      "lat": 41.0015,
      "lng": 39.7178,
      "phone": "0462 321 5678",
      "products": ["Trabzon Ürünleri"],
      "workingHours": "06:00 - 20:00",
      "rating": "4.6"
    },
    {
      "id": 21,
      "name": "Trabzon Akçaabat Mağaza",
      "type": "Mağaza",
      "city": "Trabzon",
      "district": "Akçaabat",
      "address": "Merkez Caddesi No:45",
      "lat": 41.0092,
      "lng": 39.5707,
      "phone": "0462 228 3456",
      "products": ["Trabzon Ürünleri"],
      "workingHours": "08:00 - 19:00",
      "rating": "4.4"
    },
    {
      "id": 22,
      "name": "Denizli Toptancı Hali",
      "type": "Toptancı",
      "city": "Denizli",
      "district": "Pamukkale",
      "address": "Toptancı Hali, No:42",
      "lat": 37.7765,
      "lng": 29.0864,
      "phone": "0258 264 7890",
      "products": ["Denizli Ürünleri"],
      "workingHours": "05:00 - 16:00",
      "rating": "4.2"
    },
    {
      "id": 23,
      "name": "Denizli Merkezefendi Market",
      "type": "Market",
      "city": "Denizli",
      "district": "Merkezefendi",
      "address": "İstiklal Caddesi No:78",
      "lat": 37.7833,
      "lng": 29.0875,
      "phone": "0258 241 2345",
      "products": ["Denizli Ürünleri"],
      "workingHours": "08:00 - 21:00",
      "rating": "4.0"
    },
    {
      "id": 24,
      "name": "Afyon Sucuk Fabrika Satış",
      "type": "Mağaza",
      "city": "Afyonkarahisar",
      "district": "Merkez",
      "address": "Sanayi Mahallesi, Fabrika Caddesi No:67",
      "lat": 38.7507,
      "lng": 30.5567,
      "phone": "0272 215 3456",
      "products": ["Afyonkarahisar Ürünleri"],
      "workingHours": "08:00 - 17:00",
      "website": "https://afyonsucuk.com",
      "rating": "4.7"
    },
    {
      "id": 25,
      "name": "Afyon Sandıklı Termal Satış",
      "type": "Mağaza",
      "city": "Afyonkarahisar",
      "district": "Sandıklı",
      "address": "Kaplıca Caddesi No:23",
      "lat": 38.4635,
      "lng": 30.2745,
      "phone": "0272 512 6789",
      "products": ["Afyonkarahisar Ürünleri"],
      "workingHours": "09:00 - 18:00",
      "rating": "4.3"
    },
    {
      "id": 26,
      "name": "Kahramanmaraş Dondurma Online Mağaza",
      "type": "Online",
      "city": "Kahramanmaraş",
      "district": "Online",
      "address": "Türkiye Geneli Online Satış",
      "lat": 37.5858,
      "lng": 36.9371,
      "phone": "0344 225 6789",
      "products": ["Kahramanmaraş Ürünleri"],
      "workingHours": "7/24",
      "website": "https://marasdondurma.com.tr",
      "rating": "4.9"
    },
    {
      "id": 27,
      "name": "Kahramanmaraş Dulkadiroğlu Market",
      "type": "Market",
      "city": "Kahramanmaraş",
      "district": "Dulkadiroğlu",
      "address": "Cumhuriyet Caddesi No:34",
      "lat": 37.5753,
      "lng": 36.9229,
      "phone": "0344 212 3456",
      "products": ["Kahramanmaraş Ürünleri"],
      "workingHours": "08:00 - 21:00",
      "rating": "4.4"
    },
    {
      "id": 28,
      "name": "Adana Seyhan Pazar",
      "type": "Pazar",
      "city": "Adana",
      "district": "Seyhan",
      "address": "Ziya Paşa Bulvarı, Pazar Alanı",
      "lat": 37.0,
      "lng": 35.3213,
      "phone": "0322 363 4567",
      "products": ["Adana Ürünleri"],
      "workingHours": "Cumartesi-Pazar 07:00 - 15:00",
      "rating": "4.2"
    },
    {
      "id": 29,
      "name": "Adana Çukurova Market",
      "type": "Market",
      "city": "Adana",
      "district": "Çukurova",
      "address": "Atatürk Caddesi No:56",
      "lat": 36.9914,
      "lng": 35.3256,
      "phone": "0322 441 2345",
      "products": ["Adana Ürünleri"],
      "workingHours": "08:00 - 22:00",
      "rating": "4.1"
    },
    {
      "id": 30,
      "name": "Mersin Yenişehir Toptancı",
      "type": "Toptancı",
      "city": "Mersin",
      "district": "Yenişehir",
      "address": "İsmet İnönü Bulvarı No:123",
      "lat": 36.8121,
      "lng": 34.6415,
      "phone": "0324 336 7890",
      "products": ["Mersin Ürünleri"],
      "workingHours": "06:00 - 17:00",
      "rating": "4.3"
    },
    {
      "id": 31,
      "name": "Mersin Akdeniz Market",
      "type": "Market",
      "city": "Mersin",
      "district": "Akdeniz",
      "address": "GMK Bulvarı No:89",
      "lat": 36.7948,
      "lng": 34.6414,
      "phone": "0324 231 4567",
      "products": ["Mersin Ürünleri"],
      "workingHours": "08:00 - 21:00",
      "rating": "4.0"
    },
    {
      "id": 32,
      "name": "Hatay Antakya Baharat Çarşısı",
      "type": "Pazar",
      "city": "Hatay",
      "district": "Antakya",
      "address": "Uzun Çarşı No:45",
      "lat": 36.2081,
      "lng": 36.1604,
      "phone": "0326 214 5678",
      "products": ["Hatay Ürünleri"],
      "workingHours": "08:00 - 19:00",
      "rating": "4.6"
    },
    {
      "id": 33,
      "name": "Hatay Defne Mağazası",
      "type": "Mağaza",
      "city": "Hatay",
      "district": "Defne",
      "address": "Atatürk Caddesi No:67",
      "lat": 36.1452,
      "lng": 36.1511,
      "phone": "0326 221 2345",
      "products": ["Hatay Ürünleri"],
      "workingHours": "09:00 - 20:00",
      "rating": "4.4"
    },
    {
      "id": 34,
      "name": "Şanlıurfa Eyyübiye Kooperatif",
      "type": "Kooperatif",
      "city": "Şanlıurfa",
      "district": "Eyyübiye",
      "address": "Balıklıgöl Caddesi No:23",
      "lat": 37.1591,
      "lng": 38.7969,
      "phone": "0414 313 6789",
      "products": ["Şanlıurfa Ürünleri"],
      "workingHours": "08:00 - 19:00",
      "rating": "4.5"
    },
    {
      "id": 35,
      "name": "Şanlıurfa Haliliye Market",
      "type": "Market",
      "city": "Şanlıurfa",
      "district": "Haliliye",
      "address": "Sarayönü Caddesi No:45",
      "lat": 37.1483,
      "lng": 38.7914,
      "phone": "0414 215 4567",
      "products": ["Şanlıurfa Ürünleri"],
      "workingHours": "08:00 - 21:00",
      "rating": "4.2"
    },
    {
      "id": 36,
      "name": "Diyarbakır Yenişehir Pazar",
      "type": "Pazar",
      "city": "Diyarbakır",
      "district": "Yenişehir",
      "address": "Melikahmet Caddesi, Pazar Alanı",
      "lat": 37.9244,
      "lng": 40.2317,
      "phone": "0412 228 7890",
      "products": ["Diyarbakır Ürünleri"],
      "workingHours": "Pazar 07:00 - 15:00",
      "rating": "4.3"
    },
    {
      "id": 37,
      "name": "Diyarbakır Bağlar Mağaza",
      "type": "Mağaza",
      "city": "Diyarbakır",
      "district": "Bağlar",
      "address": "Elazığ Caddesi No:78",
      "lat": 37.9107,
      "lng": 40.2371,
      "phone": "0412 252 3456",
      "products": ["Diyarbakır Ürünleri"],
      "workingHours": "09:00 - 20:00",
      "rating": "4.1"
    },
    {
      "id": 38,
      "name": "Malatya Battalgazi Kooperatif",
      "type": "Kooperatif",
      "city": "Malatya",
      "district": "Battalgazi",
      "address": "Kayısı Pazarı No:12",
      "lat": 38.3552,
      "lng": 38.3095,
      "phone": "0422 321 6789",
      "products": ["Malatya Ürünleri"],
      "workingHours": "08:00 - 18:00",
      "rating": "4.6"
    },
    {
      "id": 39,
      "name": "Malatya Yeşilyurt Market",
      "type": "Market",
      "city": "Malatya",
      "district": "Yeşilyurt",
      "address": "İnönü Caddesi No:56",
      "lat": 38.2968,
      "lng": 38.3018,
      "phone": "0422 212 4567",
      "products": ["Malatya Ürünleri"],
      "workingHours": "08:00 - 21:00",
      "rating": "4.2"
    },
    {
      "id": 40,
      "name": "Erzurum Yakutiye Mağaza",
      "type": "Mağaza",
      "city": "Erzurum",
      "district": "Yakutiye",
      "address": "Cumhuriyet Caddesi No:34",
      "lat": 39.9043,
      "lng": 41.2678,
      "phone": "0442 234 5678",
      "products": ["Erzurum Ürünleri"],
      "workingHours": "09:00 - 19:00",
      "rating": "4.4"
    },
    {
      "id": 41,
      "name": "Erzurum Palandöken Market",
      "type": "Market",
      "city": "Erzurum",
      "district": "Palandöken",
      "address": "Atatürk Caddesi No:67",
      "lat": 39.9091,
      "lng": 41.2481,
      "phone": "0442 316 2345",
      "products": ["Erzurum Ürünleri"],
      "workingHours": "08:00 - 20:00",
      "rating": "4.1"
    },
    {
      "id": 42,
      "name": "Van İpekyolu Kooperatif",
      "type": "Kooperatif",
      "city": "Van",
      "district": "İpekyolu",
      "address": "Cumhuriyet Caddesi No:45",
      "lat": 38.4942,
      "lng": 43.4031,
      "phone": "0432 214 6789",
      "products": ["Van Ürünleri"],
      "workingHours": "08:00 - 18:00",
      "rating": "4.3"
    },
    {
      "id": 43,
      "name": "Van Edremit Market",
      "type": "Market",
      "city": "Van",
      "district": "Edremit",
      "address": "Sahil Yolu No:23",
      "lat": 38.3907,
      "lng": 43.2570,
      "phone": "0432 612 3456",
      "products": ["Van Ürünleri"],
      "workingHours": "08:00 - 21:00",
      "rating": "4.0"
    },
    {
      "id": 44,
      "name": "Samsun İlkadım Pazar",
      "type": "Pazar",
      "city": "Samsun",
      "district": "İlkadım",
      "address": "Cumhuriyet Meydanı, Pazar Alanı",
      "lat": 41.2867,
      "lng": 36.3300,
      "phone": "0362 431 7890",
      "products": ["Samsun Ürünleri"],
      "workingHours": "Cumartesi-Pazar 07:00 - 15:00",
      "rating": "4.4"
    },
    {
      "id": 45,
      "name": "Samsun Atakum Market",
      "type": "Market",
      "city": "Samsun",
      "district": "Atakum",
      "address": "Sahil Caddesi No:89",
      "lat": 41.3225,
      "lng": 36.2303,
      "phone": "0362 438 4567",
      "products": ["Samsun Ürünleri"],
      "workingHours": "08:00 - 22:00",
      "rating": "4.2"
    },
    {
      "id": 46,
      "name": "Eskişehir Odunpazarı Kooperatif",
      "type": "Kooperatif",
      "city": "Eskişehir",
      "district": "Odunpazarı",
      "address": "Taşbaşı Sokak No:12",
      "lat": 39.7656,
      "lng": 30.5256,
      "phone": "0222 230 6789",
      "products": ["Eskişehir Ürünleri"],
      "workingHours": "09:00 - 19:00",
      "rating": "4.5"
    },
    {
      "id": 47,
      "name": "Eskişehir Tepebaşı Market",
      "type": "Market",
      "city": "Eskişehir",
      "district": "Tepebaşı",
      "address": "Porsuk Caddesi No:45",
      "lat": 39.7767,
      "lng": 30.5206,
      "phone": "0222 220 4567",
      "products": ["Eskişehir Ürünleri"],
      "workingHours": "08:00 - 21:00",
      "rating": "4.3"
    },
    {
      "id": 48,
      "name": "Manisa Yunusemre Mağaza",
      "type": "Mağaza",
      "city": "Manisa",
      "district": "Yunusemre",
      "address": "Anafartalar Caddesi No:34",
      "lat": 38.6191,
      "lng": 27.4289,
      "phone": "0236 231 5678",
      "products": ["Manisa Ürünleri"],
      "workingHours": "09:00 - 20:00",
      "rating": "4.2"
    },
    {
      "id": 49,
      "name": "Manisa Şehzadeler Market",
      "type": "Market",
      "city": "Manisa",
      "district": "Şehzadeler",
      "address": "Cumhuriyet Caddesi No:67",
      "lat": 38.6129,
      "lng": 27.4264,
      "phone": "0236 238 2345",
      "products": ["Manisa Ürünleri"],
      "workingHours": "08:00 - 21:00",
      "rating": "4.0"
    },
    {
      "id": 50,
      "name": "Balıkesir Karesi Pazar",
      "type": "Pazar",
      "city": "Balıkesir",
      "district": "Karesi",
      "address": "Kuvayı Milliye Caddesi, Pazar Alanı",
      "lat": 39.6484,
      "lng": 27.8826,
      "phone": "0266 245 6789",
      "products": ["Balıkesir Ürünleri"],
      "workingHours": "Pazar 07:00 - 14:00",
      "rating": "4.3"
    },
    {
      "id": 51,
      "name": "Balıkesir Altıeylül Market",
      "type": "Market",
      "city": "Balıkesir",
      "district": "Altıeylül",
      "address": "Milli Egemenlik Caddesi No:56",
      "lat": 39.6339,
      "lng": 27.9143,
      "phone": "0266 243 3456",
      "products": ["Balıkesir Ürünleri"],
      "workingHours": "08:00 - 21:00",
      "rating": "4.1"
    }
  ]
}